{"schemaVersion":"1.0","appDefinitionTemplate":{"id":"/providers/Microsoft.PowerApps/apps/","type":"Microsoft.PowerApps/apps","tags":{"primaryDeviceWidth":"1366","primaryDeviceHeight":"768","supportsPortrait":"true","supportsLandscape":"true","primaryFormFactor":"Tablet","showStatusBar":"false","publisherVersion":"3.25064.3","minimumRequiredApiVersion":"2.2.0","hasComponent":"false","hasUnlockedComponent":"false","isUnifiedRootApp":"false","sienaVersion":"20250704T083218Z-3.25064.3.0"},"properties":{"appVersion":"2025-07-04T08:32:18Z","lifeCycleId":"Published","createdByClientVersion":{"major":3,"minor":25064,"build":3,"revision":0,"majorRevision":0,"minorRevision":0},"minClientVersion":{"major":3,"minor":25064,"build":3,"revision":0,"majorRevision":0,"minorRevision":0},"backgroundColor":"RGBA(0,176,240,1)","backgroundImageUri":"/10884610986809531630/Nbc6e178b-360f-4438-8146-7291d27e1139-logoSmallFile","displayName":"Solicitudes-Gestor","description":"","commitMessage":"","appUris":{"documentUri":{"value":"/10884610986809531630/N5d3af5de-61d5-4122-b4d2-564c910587a5-document.msapp"},"imageUris":[],"additionalUris":[{"isSolutionAware":false,"value":"/10884610986809531630/Nfb4312af-df58-4882-86eb-cb103b4df57e-identity.json"}]},"createdTime":"0001-01-01T00:00:00Z","lastModifiedTime":"0001-01-01T00:00:00Z","sharedGroupsCount":0,"sharedUsersCount":0,"connectionReferences":{"fb92d796-7913-4e3d-8adf-470a6be97916":{"id":"83ca3965-2c0a-420b-82d9-2bb3296dac7e","displayName":"Office 365 Outlook","iconUri":"https://conn-afd-prod-endpoint-bmc9bqahasf3grgk.b01.azurefd.net/v1.0.1757/1.0.1757.4253/office365/icon.png","dataSources":["Office365Outlook"],"dependencies":[],"dependents":[],"parameterHints":{},"parameterHintsV2":{},"isOnPremiseConnection":false,"bypassConsent":false,"dataSets":{},"apiTier":"Standard","isCustomApiConnection":false,"actions":["SendEmailV2"]}},"databaseReferences":{"default.cds":{"databaseDetails":{"referenceType":"Environmental","environmentName":"default.cds","overrideValues":{"status":"NotSpecified","environmentVariableName":""}},"dataSources":{"Solicitudes":{"entitySetName":"cr47a_solicituds","logicalName":"cr47a_solicitud","isHidden":false},"Solicitudes_TiposDeMaterial":{"entitySetName":"cr47a_solicitud_tipodematerials","logicalName":"cr47a_solicitud_tipodematerial","isHidden":false},"Tipo de Material":{"entitySetName":"cr47a_tipodematerials","logicalName":"cr47a_tipodematerial","isHidden":false},"Estado de la Solicitud":{"entitySetName":"cr47a_estadodelasolicituds","logicalName":"cr47a_estadodelasolicitud","isHidden":false},"Solicitudes_Materiales":{"entitySetName":"cr47a_solicitud_materials","logicalName":"cr47a_solicitud_material","isHidden":false},"Materiales":{"entitySetName":"cr47a_materials","logicalName":"cr47a_material","isHidden":false},"Situaciones del Material":{"entitySetName":"cr47a_situaciondelmaterials","logicalName":"cr47a_situaciondelmaterial","isHidden":false}},"actions":["providers/PowerPlatform.Governance/Operations/Read","providers/PowerPlatform.Governance/Operations/Write","providers/PowerPlatform.Governance/Operations/Delete"]}},"almMode":"Environment","performanceOptimizationEnabled":true,"canConsumeAppPass":true,"enableModernRuntimeMode":false,"executionRestrictions":{"isTeamsOnly":false,"dataLossPreventionEvaluationResult":{"status":"Compliant","lastEvaluationDate":"2025-06-06T19:42:32.2641467Z","violations":[],"violationsByPolicy":[],"violationErrorMessage":"La aplicación usa los siguientes conectores: shared_commondataservice."}}},"isAppComponentLibrary":false,"appType":"ClassicCanvasApp","appComponents":[]}}