{"schemaVersion":"1.0","appDefinitionTemplate":{"id":"/providers/Microsoft.PowerApps/apps/","type":"Microsoft.PowerApps/apps","tags":{"primaryDeviceWidth":"1366","primaryDeviceHeight":"768","supportsPortrait":"true","supportsLandscape":"true","primaryFormFactor":"Tablet","showStatusBar":"false","publisherVersion":"3.25061.7","minimumRequiredApiVersion":"2.2.0","hasComponent":"false","hasUnlockedComponent":"false","isUnifiedRootApp":"false","sienaVersion":"20250614T121236Z-3.25061.7.0"},"properties":{"appVersion":"2025-06-14T12:12:36Z","lifeCycleId":"Published","createdByClientVersion":{"major":3,"minor":25061,"build":7,"revision":0,"majorRevision":0,"minorRevision":0},"minClientVersion":{"major":3,"minor":25061,"build":7,"revision":0,"majorRevision":0,"minorRevision":0},"backgroundColor":"RGBA(0,176,240,1)","backgroundImageUri":"/3279342350230347892/N1cca9c71-56ee-4b14-947f-a4afac5cab34-logoSmallFile","displayName":"Solicitudes-Usuario","description":"","commitMessage":"","appUris":{"documentUri":{"value":"/3279342350230347892/N33d0e0e0-1b54-4d09-91ed-9fa28e7371a6-document.msapp"},"imageUris":[],"additionalUris":[{"isSolutionAware":false,"value":"/3279342350230347892/N7bf3b2a5-c636-4282-8a5f-165cdfdc72fd-identity.json"}]},"createdTime":"0001-01-01T00:00:00Z","lastModifiedTime":"0001-01-01T00:00:00Z","sharedGroupsCount":0,"sharedUsersCount":0,"connectionReferences":{"0fad197f-64fc-4cfe-b168-8f3b8f5bf184":{"id":"83ca3965-2c0a-420b-82d9-2bb3296dac7e","displayName":"Office 365 Outlook","iconUri":"https://conn-afd-prod-endpoint-bmc9bqahasf3grgk.b01.azurefd.net/v1.0.1751/1.0.1751.4216/office365/icon.png","dataSources":["Office365Outlook"],"dependencies":[],"dependents":[],"parameterHints":{},"parameterHintsV2":{},"isOnPremiseConnection":false,"bypassConsent":false,"dataSets":{},"apiTier":"Standard","isCustomApiConnection":false,"actions":["SendEmailV2"]}},"databaseReferences":{"default.cds":{"databaseDetails":{"referenceType":"Environmental","environmentName":"default.cds","overrideValues":{"status":"NotSpecified","environmentVariableName":""}},"dataSources":{"Solicitudes":{"entitySetName":"cr47a_solicituds","logicalName":"cr47a_solicitud","isHidden":false},"Tipo de Material":{"entitySetName":"cr47a_tipodematerials","logicalName":"cr47a_tipodematerial","isHidden":false},"Estado de la Solicitud":{"entitySetName":"cr47a_estadodelasolicituds","logicalName":"cr47a_estadodelasolicitud","isHidden":false},"Solicitudes_TiposDeMaterial":{"entitySetName":"cr47a_solicitud_tipodematerials","logicalName":"cr47a_solicitud_tipodematerial","isHidden":false}},"actions":["providers/PowerPlatform.Governance/Operations/Read","providers/PowerPlatform.Governance/Operations/Write"]}},"almMode":"Environment","performanceOptimizationEnabled":true,"canConsumeAppPass":true,"enableModernRuntimeMode":false,"executionRestrictions":{"isTeamsOnly":false,"dataLossPreventionEvaluationResult":{"status":"Compliant","lastEvaluationDate":"2025-06-06T18:57:51.9135208Z","violations":[],"violationsByPolicy":[],"violationErrorMessage":"La aplicación usa los siguientes conectores: shared_commondataservice."}}},"isAppComponentLibrary":false,"appType":"ClassicCanvasApp","appComponents":[]}}